name,price_regular,price_discount,rating,platforms,howlongtobeat,distribution_type,site,url,image_url
The Outer Worlds 2,69.99,69.99,98,PC,25.9,Digital,steam,https://store.steampowered.com/app/1449110/The_Outer_Worlds_2/,https://shared.fastly.steamstatic.com/store_item_assets/steam/apps/1449110/0130c9add6d097099cc7796a04def57bee93e58d/capsule_616x353.jpg?t=1761760147
Party Animals,17.99,10.79,95,PC,43.3,Digital,steam,https://store.steampowered.com/app/1260320/Party_Animals/,https://shared.fastly.steamstatic.com/store_item_assets/steam/apps/1260320/capsule_616x353.jpg?t=1758512007
Digimon Story Time Stranger,69.99,69.99,89,PC,43.2,Digital,steam,https://store.steampowered.com/app/1984270/Digimon_Story_Time_Stranger/,https://shared.fastly.steamstatic.com/store_item_assets/steam/apps/1984270/86a9e0f67df177da7f74a01ad51a086c1b9ae3e0/capsule_616x353.jpg?t=1759485332
ELDEN RING NIGHTREIGN,39.99,39.99,94,PC,29.1,Digital,steam,https://store.steampowered.com/app/2622380/ELDEN_RING_NIGHTREIGN/,https://shared.fastly.steamstatic.com/store_item_assets/steam/apps/2622380/800a6d64a1685c303bf985f084fbf5c08ac2ae5c/capsule_616x353.jpg?t=1763058693
PowerWash Simulator 2,24.99,24.99,81,PC,35.8,Digital,steam,https://store.steampowered.com/app/2968420/PowerWash_Simulator_2/,https://shared.fastly.steamstatic.com/store_item_assets/steam/apps/2968420/374fc7a0419c7361cda3ae7fa6fe4e383f206e5d/capsule_616x353.jpg?t=1761725794
NBA 2K26,69.99,69.99,89,PC,27.5,Digital,steam,https://store.steampowered.com/app/3472040/NBA_2K26/,https://shared.fastly.steamstatic.com/store_item_assets/steam/apps/3472040/8fcf0134e71247654358733e1dd360f93c4d2a6a/capsule_616x353_alt_assets_0.jpg?t=1761580807
Dota 2,111.84,111.84,85,PC,44.8,Digital,steam,https://store.steampowered.com/app/570/Dota_2/,https://shared.fastly.steamstatic.com/store_item_assets/steam/apps/570/capsule_616x353.jpg?t=1762820658
Temporada 1 Battlefield Pro - Battlefield‚Ñ¢ 6 y REDSEC,24.99,24.99,81,PC,22.6,Digital,steam,https://store.steampowered.com/app/3880840/Temporada_1_Battlefield_Pro__Battlefield_6_y_REDSEC/,https://shared.fastly.steamstatic.com/store_item_assets/steam/apps/3880840/826259c222cb556878eedc81e3d20a5fe2f15f47/capsule_616x353.jpg?t=1763066359
Team Fortress 2,111.84,111.84,83,PC,29.2,Digital,steam,https://store.steampowered.com/app/440/Team_Fortress_2/,https://shared.fastly.steamstatic.com/store_item_assets/steam/apps/440/capsule_616x353.jpg?t=1757348372
EA SPORTS FC‚Ñ¢ 26,111.98,111.98,90,PC,34.3,Digital,steam,https://store.steampowered.com/app/3405690/EA_SPORTS_FC_26/,https://shared.fastly.steamstatic.com/store_item_assets/steam/apps/3405690/7a4a2467300194840eb2116c2126c2d2422b4e12/capsule_616x353.jpg?t=1761904811
INAZUMA ELEVEN: Heroes' Victory Road,69.99,69.99,80,PC,33.3,Digital,steam,https://store.steampowered.com/app/2799860/INAZUMA_ELEVEN_Heroes_Victory_Road/,https://shared.fastly.steamstatic.com/store_item_assets/steam/apps/2799860/671cfa4647b375f1086c2cb3c22b5752d2e59686/capsule_616x353_spanish.jpg?t=1763265397
Escape from Tarkov,49.99,42.49,83,PC,35.3,Digital,steam,https://store.steampowered.com/app/3932890/Escape_from_Tarkov/,https://shared.fastly.steamstatic.com/store_item_assets/steam/apps/3932890/b2f778ce89eabef7a6ce498cfa1731aa02e0c1ed/capsule_616x353.jpg?t=1763204479
Megabonk,9.75,9.75,85,PC,35.1,Digital,steam,https://store.steampowered.com/app/3405340/Megabonk/,https://shared.fastly.steamstatic.com/store_item_assets/steam/apps/3405340/8c557b0ace38af77f6e49eaa6aafa29ccea4b987/capsule_616x353.jpg?t=1760445338
ARC Raiders,39.99,39.99,92,PC,37.2,Digital,steam,https://store.steampowered.com/app/1808500/ARC_Raiders/,https://shared.fastly.steamstatic.com/store_item_assets/steam/apps/1808500/fbfa7906f1a4f2fd67c6425ac5b69c69c328f9ac/capsule_616x353.jpg?t=1762957298
Football Manager 26,59.99,59.99,83,PC,29.8,Digital,steam,https://store.steampowered.com/app/3551340/Football_Manager_26/,https://shared.fastly.steamstatic.com/store_item_assets/steam/apps/3551340/ad4c96b51296d9694ce4e8e2bb8c742030ba1cb6/capsule_616x353.jpg?t=1762339168
BALL x PIT,22.48,17.98,97,PC,21.3,Digital,steam,https://store.steampowered.com/app/2062430/BALL_x_PIT/,https://shared.fastly.steamstatic.com/store_item_assets/steam/apps/2062430/44a538f825381f4b58a82bab4cae1796be21fb88/capsule_616x353.jpg?t=1761935510
Enshrouded,29.99,23.99,90,PC,22.9,Digital,steam,https://store.steampowered.com/app/1203620/Enshrouded/,https://shared.fastly.steamstatic.com/store_item_assets/steam/apps/1203620/335cc72676b206925095e06ba2f17fcfd71b9654/capsule_616x353.jpg?t=1762874493
Counter-Strike 2,111.84,111.84,91,PC,36.6,Digital,steam,https://store.steampowered.com/app/730/CounterStrike_2/,https://shared.fastly.steamstatic.com/store_item_assets/steam/apps/730/capsule_616x353.jpg?t=1749053861
Lossless Scaling,6.89,3.44,89,PC,25.4,Digital,steam,https://store.steampowered.com/app/993090/Lossless_Scaling/,https://shared.fastly.steamstatic.com/store_item_assets/steam/apps/993090/ceffb40bf98905ea2639b4b9978d3d64aa3329fd/capsule_616x353.jpg?t=1762179586
Anno 117: Pax Romana,59.99,59.99,83,PC,44.4,Digital,steam,https://store.steampowered.com/app/3274580/Anno_117_Pax_Romana/,https://shared.fastly.steamstatic.com/store_item_assets/steam/apps/3274580/2306afed9e16e7988c9cd6599d5eb16bb4d339a4/capsule_616x353_alt_assets_2_spanish.jpg?t=1763143344
Stardew Valley,13.99,13.99,94,PC,44.5,Digital,steam,https://store.steampowered.com/app/413150/Stardew_Valley/,https://shared.fastly.steamstatic.com/store_item_assets/steam/apps/413150/capsule_616x353.jpg?t=1754692865
Black Desert,9.99,0.99,89,PC,34.6,Digital,steam,https://store.steampowered.com/app/582660/Black_Desert/,https://shared.fastly.steamstatic.com/store_item_assets/steam/apps/582660/af4dbaf8e712b209d17d37d4f63fabea1c6fbb3f/capsule_616x353.jpg?t=1758315448
Jurassic World Evolution 3,156.72,156.72,98,PC,34.0,Digital,steam,https://store.steampowered.com/app/2958130/Jurassic_World_Evolution_3/,https://shared.fastly.steamstatic.com/store_item_assets/steam/apps/2958130/616c3965d246dbb92f857c5aa93afdc845fa6fce/capsule_616x353.jpg?t=1762944230
Phasmophobia,19.5,19.5,94,PC,19.0,Digital,steam,https://store.steampowered.com/app/739630/Phasmophobia/,https://shared.fastly.steamstatic.com/store_item_assets/steam/apps/739630/f5328c8324f7723f7598ab4cf21fca050f8ba5d9/capsule_616x353_alt_assets_5.jpg?t=1762865621
ARK: Survival Ascended,44.99,22.49,91,PC,33.8,Digital,steam,https://store.steampowered.com/app/2399830/ARK_Survival_Ascended/,https://shared.fastly.steamstatic.com/store_item_assets/steam/apps/2399830/157abe35b22e96ea4ecea8eb723fb923ea198715/capsule_616x353.jpg?t=1760216941
The Sims‚Ñ¢ 4,59.97,59.97,96,PC,28.4,Digital,steam,https://store.steampowered.com/app/1222670/The_Sims_4/,https://shared.fastly.steamstatic.com/store_item_assets/steam/apps/1222670/capsule_616x353.jpg?t=1763056950
Dispatch,44.57,44.57,98,PC,24.1,Digital,steam,https://store.steampowered.com/app/2592160/Dispatch/,https://shared.fastly.steamstatic.com/store_item_assets/steam/apps/2592160/fcfd39596c29e58f0d0c44ca56b8490d91fb3b76/capsule_616x353.jpg?t=1762980554
Battlefield‚Ñ¢ 6,69.99,69.99,93,PC,16.6,Digital,steam,https://store.steampowered.com/app/2807960/Battlefield_6/,https://shared.fastly.steamstatic.com/store_item_assets/steam/apps/2807960/5dc50319d192ca49d082f87fe95fefb8363fc9b4/capsule_616x353_alt_assets_7_spanish.jpg?t=1762876911
Europa Universalis V,59.99,59.99,86,PC,38.3,Digital,steam,https://store.steampowered.com/app/3450310/Europa_Universalis_V/,https://shared.fastly.steamstatic.com/store_item_assets/steam/apps/3450310/b84977c9a2df5f158889ad52db26b3029f6dfcb6/capsule_616x353_alt_assets_0_spanish.jpg?t=1762296010
Rust,74.65,74.65,94,PC,27.2,Digital,steam,https://store.steampowered.com/app/252490/Rust/,https://shared.fastly.steamstatic.com/store_item_assets/steam/apps/252490/c05e66e166b0fc5fc2a06711d7bfa1b4cb2f45f6/capsule_616x353.jpg?t=1761667247
Assetto Corsa Rally,29.99,23.99,84,PC,36.0,Digital,steam,https://store.steampowered.com/app/3917090/Assetto_Corsa_Rally/,https://shared.fastly.steamstatic.com/store_item_assets/steam/apps/3917090/71ea0e9d731013c3c81b249d33db393ff53b6045/capsule_616x353_alt_assets_0.jpg?t=1763053664
Wallpaper Engine,4.99,4.99,81,PC,37.9,Digital,steam,https://store.steampowered.com/app/431960/Wallpaper_Engine/,https://shared.fastly.steamstatic.com/store_item_assets/steam/apps/431960/capsule_616x353.jpg?t=1739211362
Planet Zoo,44.99,13.49,82,PC,32.5,Digital,steam,https://store.steampowered.com/app/703080/Planet_Zoo/,https://shared.fastly.steamstatic.com/store_item_assets/steam/apps/703080/capsule_616x353.jpg?t=1750845999
PEAK,7.49,4.64,91,PC,26.1,Digital,steam,https://store.steampowered.com/app/3527290/PEAK/,https://shared.fastly.steamstatic.com/store_item_assets/steam/apps/3527290/77bf763cd09a92a7a7455ddf2623c8d5b10c2c8a/capsule_616x353_alt_assets_2.jpg?t=1762370967
Sid Meier's Civilization VII,69.99,45.49,88,PC,61.5,Digital,steam,https://store.steampowered.com/app/1295660/Sid_Meiers_Civilization_VII/,https://shared.fastly.steamstatic.com/store_item_assets/steam/apps/1295660/35916ac210ed4c2ca5dceed43a3566ac7b900c39/capsule_616x353_alt_assets_2_spanish.jpg?t=1762277940
Hades II,28.99,23.19,96,PC,22.8,Digital,steam,https://store.steampowered.com/app/1145350/Hades_II/,https://shared.fastly.steamstatic.com/store_item_assets/steam/apps/1145350/65e1c51cf2950d70209d63e288d1c5ba3f86044b/capsule_616x353.jpg?t=1759973532
Crusader Kings III,171.09,171.09,99,PC,29.5,Digital,steam,https://store.steampowered.com/app/1158310/Crusader_Kings_III/,https://shared.fastly.steamstatic.com/store_item_assets/steam/apps/1158310/76f8bd6fe02c04173055b933b42f103346019b42/capsule_616x353_alt_assets_11_spanish.jpg?t=1762165597
Age of Mythology: Retold,29.99,14.99,88,PC,43.6,Digital,steam,https://store.steampowered.com/app/1934680/Age_of_Mythology_Retold/,https://shared.fastly.steamstatic.com/store_item_assets/steam/apps/1934680/capsule_616x353.jpg?t=1759256879
Farming Simulator 25,59.78,59.78,93,PC,28.6,Digital,steam,https://store.steampowered.com/app/2300320/Farming_Simulator_25/,https://shared.fastly.steamstatic.com/store_item_assets/steam/apps/2300320/capsule_616x353.jpg?t=1761296764
Revenge of the Savage Planet,29.99,11.99,87,PC,30.7,Digital,steam,https://store.steampowered.com/app/2787320/Revenge_of_the_Savage_Planet/,https://shared.fastly.steamstatic.com/store_item_assets/steam/apps/2787320/7c33f910900aee96c7070ca324831e1f8c420a07/capsule_616x353.jpg?t=1762459578
World of Warships,27.0,2.7,97,PC,22.6,Digital,steam,https://store.steampowered.com/app/552990/World_of_Warships/,https://shared.fastly.steamstatic.com/store_item_assets/steam/apps/552990/44df1098b3ff8475f887f3df5969a26aa0a5139c/capsule_616x353_alt_assets_8.jpg?t=1763127841
Rune Factory: Guardians of Azuma,59.99,38.99,81,PC,32.6,Digital,steam,https://store.steampowered.com/app/2864560/Rune_Factory_Guardians_of_Azuma/,https://shared.fastly.steamstatic.com/store_item_assets/steam/apps/2864560/c95df840c72cd47337f81bf70a85af08489dde47/capsule_616x353.jpg?t=1763057053
Raft,19.99,19.99,86,PC,36.9,Digital,steam,https://store.steampowered.com/app/648800/Raft/,https://shared.fastly.steamstatic.com/store_item_assets/steam/apps/648800/capsule_616x353.jpg?t=1727184011
Guild Wars 2,99.97,99.97,97,PC,27.0,Digital,steam,https://store.steampowered.com/app/1284210/Guild_Wars_2/,https://shared.fastly.steamstatic.com/store_item_assets/steam/apps/1284210/9f7e5a2965f5bbf99cec82c798305a27967ac837/capsule_616x353.jpg?t=1761669967
STORY OF SEASONS: Grand Bazaar,49.99,39.99,82,PC,34.5,Digital,steam,https://store.steampowered.com/app/2508780/STORY_OF_SEASONS_Grand_Bazaar/,https://shared.fastly.steamstatic.com/store_item_assets/steam/apps/2508780/9995ac7398486997071ead0ec291cd6ad7f6eb95/capsule_616x353.jpg?t=1763145508
Age of Empires IV: Anniversary Edition,144.68,71.96,84,PC,21.5,Digital,steam,https://store.steampowered.com/app/1466860/Age_of_Empires_IV_Anniversary_Edition/,https://shared.fastly.steamstatic.com/store_item_assets/steam/apps/1466860/capsule_616x353.jpg?t=1762295217
Contraband Police,29.99,13.49,99,PC,27.0,Digital,steam,https://store.steampowered.com/app/756800/Contraband_Police/,https://shared.fastly.steamstatic.com/store_item_assets/steam/apps/756800/984435d3d20f5e44d6d01f60ed8e38dcf6ca76e4/capsule_616x353.jpg?t=1763067656
RimWorld,52.71,52.71,89,PC,27.3,Digital,steam,https://store.steampowered.com/app/294100/RimWorld/,https://shared.fastly.steamstatic.com/store_item_assets/steam/apps/294100/capsule_616x353.jpg?t=1762524275
Ready or Not,77.96,77.96,86,PC,22.0,Digital,steam,https://store.steampowered.com/app/1144200/Ready_or_Not/,https://shared.fastly.steamstatic.com/store_item_assets/steam/apps/1144200/capsule_616x353.jpg?t=1753984272
Project Zomboid,41.42,41.42,80,PC,38.7,Digital,steam,https://store.steampowered.com/app/108600/Project_Zomboid/,https://shared.fastly.steamstatic.com/store_item_assets/steam/apps/108600/capsule_616x353.jpg?t=1762369969
Microsoft Flight Simulator 2024,79.99,79.99,80,PC,27.7,Digital,steam,https://store.steampowered.com/app/2537590/Microsoft_Flight_Simulator_2024/,https://shared.fastly.steamstatic.com/store_item_assets/steam/apps/2537590/8fa176d72210f43c71d50f4c8ffca70a4f171e62/capsule_616x353.jpg?t=1747324291
Solo Leveling: ARISE OVERDRIVE,39.99,39.99,92,PC,29.5,Digital,steam,https://store.steampowered.com/app/2373990/Solo_Leveling_ARISE_OVERDRIVE/,https://shared.fastly.steamstatic.com/store_item_assets/steam/apps/2373990/076c85e9fccad9865b82d91e939f73a4a7314632/capsule_616x353.jpg?t=1761102638
Dying Light: The Beast,59.99,59.99,93,PC,33.4,Digital,steam,https://store.steampowered.com/app/3008130/Dying_Light_The_Beast/,https://shared.fastly.steamstatic.com/store_item_assets/steam/apps/3008130/56babf2f7988a87d73e86dd434bf2a2ee2b8c624/capsule_616x353_alt_assets_0.jpg?t=1762544269
Path of Exile 2,27.75,27.75,83,PC,41.4,Digital,steam,https://store.steampowered.com/app/2694490/Path_of_Exile_2/,https://shared.fastly.steamstatic.com/store_item_assets/steam/apps/2694490/7a67002ef9c07ecce9506caf5f74f2109d96c195/capsule_616x353.jpg?t=1762717997
Tavern Keeper üçª,27.99,22.39,97,PC,34.7,Digital,steam,https://store.steampowered.com/app/436780/Tavern_Keeper/,https://shared.fastly.steamstatic.com/store_item_assets/steam/apps/436780/388239f24d8f2b36b82a4a16b5e5637eaf4d5e85/capsule_616x353.jpg?t=1762343337
Fellowship,38.61,38.61,95,PC,32.5,Digital,steam,https://store.steampowered.com/app/2352620/Fellowship/,https://shared.fastly.steamstatic.com/store_item_assets/steam/apps/2352620/9774101c60f79795cc2f5caafdb238c159228cfc/capsule_616x353.jpg?t=1762362216
Pack Liderar el camino - Battlefield‚Ñ¢ 6 y REDSEC,11.99,11.99,84,PC,12.2,Digital,steam,https://store.steampowered.com/app/3933070/Pack_Liderar_el_camino__Battlefield_6_y_REDSEC/,https://shared.fastly.steamstatic.com/store_item_assets/steam/apps/3933070/9a5dc71c433c3726cdec36ff53868325638a3ce0/capsule_616x353.jpg?t=1763068081
Surviving Mars: Relaunched,39.99,39.99,82,PC,39.8,Digital,steam,https://store.steampowered.com/app/3215050/Surviving_Mars_Relaunched/,https://shared.fastly.steamstatic.com/store_item_assets/steam/apps/3215050/3404521352db1339a1d1c028bbab81c0aa305e45/capsule_616x353_alt_assets_0_spanish.jpg?t=1762794022
Winter Burrow,18.99,17.09,98,PC,36.0,Digital,steam,https://store.steampowered.com/app/3008740/Winter_Burrow/,https://shared.fastly.steamstatic.com/store_item_assets/steam/apps/3008740/326bca492912816d3891da7eaa8081574a51759e/capsule_616x353.jpg?t=1763221344
Sons Of The Forest,28.99,28.99,99,PC,22.2,Digital,steam,https://store.steampowered.com/app/1326470/Sons_Of_The_Forest/,https://shared.fastly.steamstatic.com/store_item_assets/steam/apps/1326470/capsule_616x353.jpg?t=1708624856
Hearts of Iron IV,194.23,194.23,86,PC,38.1,Digital,steam,https://store.steampowered.com/app/394360/Hearts_of_Iron_IV/,https://shared.fastly.steamstatic.com/store_item_assets/steam/apps/394360/capsule_616x353.jpg?t=1762197878
Stellaris,274.24,274.24,81,PC,20.3,Digital,steam,https://store.steampowered.com/app/281990/Stellaris/,https://shared.fastly.steamstatic.com/store_item_assets/steam/apps/281990/a87012836a8ca34bca814140d20521021baf2b51/capsule_616x353.jpg?t=1761224518
American Truck Simulator,48.48,48.48,96,PC,41.9,Digital,steam,https://store.steampowered.com/app/270880/American_Truck_Simulator/,https://shared.fastly.steamstatic.com/store_item_assets/steam/apps/270880/dbdd34f3a2fe8479c1b2758f6786cf861c3438cc/capsule_616x353.jpg?t=1762507148
Easy Red 2,8.99,4.49,87,PC,32.5,Digital,steam,https://store.steampowered.com/app/1324780/Easy_Red_2/,https://shared.fastly.steamstatic.com/store_item_assets/steam/apps/1324780/capsule_616x353.jpg?t=1763031987
Call to Arms - Gates of Hell: Ostfront,34.99,8.74,87,PC,42.0,Digital,steam,https://store.steampowered.com/app/400750/Call_to_Arms__Gates_of_Hell_Ostfront/,https://shared.fastly.steamstatic.com/store_item_assets/steam/apps/400750/794866e0a3ebd7ef152ba18e12843cd9cdea8c28/capsule_616x353.jpg?t=1755264722
Hollow Knight: Silksong,25.03,25.03,95,PC,35.2,Digital,steam,https://store.steampowered.com/app/1030300/Hollow_Knight_Silksong/,https://shared.fastly.steamstatic.com/store_item_assets/steam/apps/1030300/eb4f42b7595ecf3b9c9131aaadec283158c1019e/capsule_616x353.jpg?t=1756994410
MISERY,9.74,9.74,89,PC,44.9,Digital,steam,https://store.steampowered.com/app/2119830/MISERY/,https://shared.fastly.steamstatic.com/store_item_assets/steam/apps/2119830/5bf3128f79b8a3550e5efdedefd657bd43b007c1/capsule_616x353.jpg?t=1763070794
Red Dead Redemption 2,100.08,100.08,94,PC,36.6,Digital,steam,https://store.steampowered.com/app/1174180/Red_Dead_Redemption_2/,https://shared.fastly.steamstatic.com/store_item_assets/steam/apps/1174180/capsule_616x353.jpg?t=1759502961
theHunter: Call of the Wild‚Ñ¢,29.27,29.27,83,PC,27.5,Digital,steam,https://store.steampowered.com/app/518790/theHunter_Call_of_the_Wild/,https://shared.fastly.steamstatic.com/store_item_assets/steam/apps/518790/155f34303686b7560b329ae3fe0c133b512a9ac7/capsule_616x353_alt_assets_22.jpg?t=1762167270
Satisfactory,80.07,80.07,98,PC,25.3,Digital,steam,https://store.steampowered.com/app/526870/Satisfactory/,https://shared.fastly.steamstatic.com/store_item_assets/steam/apps/526870/290c413f4075e43a5d2e106dcbbaa036b3271621/capsule_616x353.jpg?t=1749717464
Destiny 2,70.0,70.0,87,PC,38.2,Digital,steam,https://store.steampowered.com/app/1085660/Destiny_2/,https://shared.fastly.steamstatic.com/store_item_assets/steam/apps/1085660/capsule_616x353_spanish.jpg?t=1762978895
CloverPit,9.99,8.99,93,PC,34.4,Digital,steam,https://store.steampowered.com/app/3314790/CloverPit/,https://shared.fastly.steamstatic.com/store_item_assets/steam/apps/3314790/f35db1ac0a758bba1e62446784ce383a1a7d2553/capsule_616x353_alt_assets_0.jpg?t=1762971320
Sid Meier‚Äôs Civilization¬Æ VI,59.99,5.99,96,PC,70.7,Digital,steam,https://store.steampowered.com/app/289070/Sid_Meiers_Civilization_VI/,https://shared.fastly.steamstatic.com/store_item_assets/steam/apps/289070/capsule_616x353.jpg?t=1740607040
Escape Simulator 2,30.58,30.58,86,PC,33.6,Digital,steam,https://store.steampowered.com/app/2879840/Escape_Simulator_2/,https://shared.fastly.steamstatic.com/store_item_assets/steam/apps/2879840/9938ed17af2b55241ee4fe7f50ae97713dd5a6a3/capsule_616x353.jpg?t=1761724381
BeamNG.drive,22.5,22.5,82,PC,28.9,Digital,steam,https://store.steampowered.com/app/284160/BeamNGdrive/,https://shared.fastly.steamstatic.com/store_item_assets/steam/apps/284160/capsule_616x353.jpg?t=1762791830
F1¬Æ 25,110.48,110.48,91,PC,39.4,Digital,steam,https://store.steampowered.com/app/3059520/F1_25/,https://shared.fastly.steamstatic.com/store_item_assets/steam/apps/3059520/56fa42cd908056bb8e37d886cb5dfeecb35c1d67/capsule_616x353_alt_assets_3.jpg?t=1762963192
Palworld,39.58,39.58,97,PC,18.5,Digital,steam,https://store.steampowered.com/app/1623730/Palworld/,https://shared.fastly.steamstatic.com/store_item_assets/steam/apps/1623730/c961ac047294838bfe382bf193ade5c64b19e573/capsule_616x353.jpg?t=1761725354
Split Fiction,49.99,49.99,93,PC,23.9,Digital,steam,https://store.steampowered.com/app/2001120/Split_Fiction/,https://shared.fastly.steamstatic.com/store_item_assets/steam/apps/2001120/5a3209f496e911ff2fa6dccd58c682c89632d09b/capsule_616x353.jpg?t=1748910778
Cities: Skylines II,41.76,41.76,88,PC,33.1,Digital,steam,https://store.steampowered.com/app/949230/Cities_Skylines_II/,https://shared.fastly.steamstatic.com/store_item_assets/steam/apps/949230/331a5bcc257a69132f6502ad146984142e0d4aeb/capsule_616x353.jpg?t=1762794219
Euro Truck Simulator 2,50.28,50.28,98,PC,40.7,Digital,steam,https://store.steampowered.com/app/227300/Euro_Truck_Simulator_2/,https://shared.fastly.steamstatic.com/store_item_assets/steam/apps/227300/5237101dc9efe4873c9be1804d4ed2619ad7bee4/capsule_616x353.jpg?t=1762506977
Ultima‚Ñ¢ Underworld 1+2,5.99,2.99,93,PC,29.5,Digital,gog,https://www.gog.com/en/game/ultima_underworld_1_2,https://images.gog-statics.com/d72b0c7295fe255b2a292dfb52654213d7d119e0e2a17020144583621330eb1d.jpg
ATOM RPG: Post-apocalyptic indie game,14.99,2.99,96,PC,89.6,Digital,gog,https://www.gog.com/en/game/atom_rpg_postapocalyptic_indie_game,https://images.gog-statics.com/8ace748c976e8cb92b3b854480d560b413ca6cad76f8ee0d0bdc5cac7b77d0fb.jpg
Sniper: Ghost Warrior 2,9.99,0.99,91,PC,19.4,Digital,gog,https://www.gog.com/en/game/sniper_ghost_warrior_2,https://images.gog-statics.com/851201c2f1f43135eaee2e51b45be42af4b55958b0f2a2145ebdfb99b1d7f665.jpg
Settlers¬Æ 3: Ultimate Collection,9.99,2.49,83,PC,44.5,Digital,gog,https://www.gog.com/en/game/the_settlers_3_ultimate_collection,https://images.gog-statics.com/4359ca2ce063d4c20fd75747b600101f19bd7ef98195a91ee15fd435d60a59f0.jpg
Fallout,9.99,4.99,86,PC,20.4,Digital,gog,https://www.gog.com/en/game/fallout,https://images.gog-statics.com/6fc6210c7392910ddf30d026b5216e67a7dcdb53e07dd9670d028aa4da1244d3.jpg
The Elder Scrolls V: Skyrim Anniversary Edition,49.99,16.49,84,PC,41.8,Digital,gog,https://www.gog.com/en/game/the_elder_scrolls_v_skyrim_anniversary_edition,https://images.gog-statics.com/16a042d9ad86c137414df42707c88a09339acc9b8dc495b9cd5fe895d6ec0af4.jpg
Heroes of Might and Magic¬Æ 2: Gold,9.99,4.99,90,PC,20.6,Digital,gog,https://www.gog.com/en/game/heroes_of_might_and_magic_2_gold_edition,https://images.gog-statics.com/80940c3b71947fd3d83e7e53faf3c232089986188947b3f116f1f3069a534056.jpg
The Settlers¬Æ 2: Gold Edition,9.99,2.49,92,PC,36.2,Digital,gog,https://www.gog.com/en/game/the_settlers_2_gold_edition,https://images.gog-statics.com/df8399dd08c66cee193241b63a74cc8c786ab677f6ec3f2101eb96cb222e5d71.jpg
Crysis Remastered Trilogy,49.48,17.31,95,PC,35.6,Digital,gog,https://www.gog.com/en/game/crysis_remastered_trilogy,https://images.gog-statics.com/88a2478fa665c1f86aa74cf7ff07f85d1f5c01ae7c4bbb37f5cbbe9e8bfd09d8.jpg
Myst Masterpiece Edition,5.99,2.99,96,PC,23.4,Digital,gog,https://www.gog.com/en/game/myst_masterpiece_edition,https://images.gog-statics.com/3c91ced5b0480b6c037da4fa1bd72d3fdbabc7db6c4fbac02720414db8602126.jpg
The Elder Scrolls IV: Oblivion - Game of the Year Edition Deluxe,19.99,4.99,97,PC,58.0,Digital,gog,https://www.gog.com/en/game/elder_scrolls_iv_oblivion_game_of_the_year_edition_deluxe_the,https://images.gog-statics.com/437047af723933d9686fd99c53436f214bd615883298a885009e5056d0437815.jpg
The Settlers¬Æ 4: Gold Edition,9.99,2.49,99,PC,37.2,Digital,gog,https://www.gog.com/en/game/the_settlers_4_gold_edition,https://images.gog-statics.com/ec17bc980b3f67c8318cb8b92807b42381b2061c076ecf12ca10d6b240bc311a.jpg
Drakensang,9.99,1.99,89,PC,36.5,Digital,gog,https://www.gog.com/en/game/drakensang,https://images.gog-statics.com/d422b3cfd194b7bdbfd695486aa8c9c7bb5e6c075403b5f65177868a0157a85b.jpg
The Settlers¬Æ 2: 10th Anniversary,9.99,2.49,90,PC,29.9,Digital,gog,https://www.gog.com/en/game/the_settlers_2_10th_anniversary,https://images.gog-statics.com/1914e99f5b95875fa0616047ea0857762ef8360d9b55b3ae41ec933778200634.jpg
Might and Magic¬Æ 7: For Blood and Honor¬Æ,5.99,2.99,80,PC,37.6,Digital,gog,https://www.gog.com/en/game/might_and_magic_7_for_blood_and_honor,https://images.gog-statics.com/2facf4324a1a31a413a0ff3ec541f1eb9eaf1c9da8dd340f11937f6378393e6e.jpg
ATOM RPG: Trudograd,10.99,2.19,99,PC,94.4,Digital,gog,https://www.gog.com/en/game/atom_rpg_trudograd,https://images.gog-statics.com/d5a3345d257a41c310c1b4e2121aaa240be588a5c5ac8b1ef80f7f2b9388d3b0.jpg
DOOM (2016),19.99,3.99,94,PC,33.6,Digital,gog,https://www.gog.com/en/game/doom_2016,https://images.gog-statics.com/82a7cd303997644e10450fad1be3a3666f5cb0cfbc1fa44b38b429e607e64426.jpg
Return to Castle Wolfenstein,4.99,1.99,90,PC,22.6,Digital,gog,https://www.gog.com/en/game/return_to_castle_wolfenstein,https://images.gog-statics.com/9f488ee21ce09b232da64769a396493fa4561a4b524ac1fa53db48f79b865725.jpg
Nox‚Ñ¢,5.99,1.37,96,PC,35.4,Digital,gog,https://www.gog.com/en/game/nox,https://images.gog-statics.com/319f768899cd2190b977fc0b420ccb2169b375e14a43c3d88a4f2d740d1da6e7.jpg
The Elder Scrolls V: Skyrim Special Edition,39.99,9.99,94,PC,89.3,Digital,gog,https://www.gog.com/en/game/the_elder_scrolls_v_skyrim_special_edition,https://images.gog-statics.com/7a75d49946cb5ff732f0a889f44dd49fb3bede3ad7212c84b7c34a6d29aeff77.jpg
Sniper Ghost Warrior Contracts,29.99,2.99,84,PC,29.3,Digital,gog,https://www.gog.com/en/game/sniper_ghost_warrior_contracts,https://images.gog-statics.com/a097900bad23d791770b69decf3b47931101fc439e62afd6ea7be9fc4e039c5f.jpg
Kenshi,29.99,11.99,91,PC,23.6,Digital,gog,https://www.gog.com/en/game/kenshi,https://images.gog-statics.com/af0a8ea68e5df43d360179df04c815dd5887cbc23a2e2a5ddf1ac4112750eedf.jpg
Mafia: Definitive Edition,39.99,5.99,94,PC,34.4,Digital,gog,https://www.gog.com/en/game/mafia_definitive_edition,https://images.gog-statics.com/7c0c8c9f4679cb22b49703c9fdc6a798ff291688d2b765cf5c27cf685cefcbd1.jpg
Medal of Honor: Allied Assault War Chest,9.99,2.49,99,PC,24.0,Digital,gog,https://www.gog.com/en/game/medal_of_honor_allied_assault_war_chest,https://images.gog-statics.com/5c91eb2e789f75422df7dbd85964dddcd38d90102db901049c48882d1fce26a2.jpg
Far Cry¬Æ,9.99,2.99,92,PC,42.0,Digital,gog,https://www.gog.com/en/game/far_cry,https://images.gog-statics.com/cd587d720d85c97fdfe8a6863925eb494050061e8451d76a3c77aa0c761b7edc.jpg
Sniper: Ghost Warrior,5.99,0.59,85,PC,40.4,Digital,gog,https://www.gog.com/en/game/sniper_ghost_warrior,https://images.gog-statics.com/d5525ae1ce5aaf97ddd32a7f57f84ccc9f010250122af691e045572a0d9fa571.jpg
Might and Magic¬Æ 6-pack Limited Edition,9.99,4.99,82,PC,19.8,Digital,gog,https://www.gog.com/en/game/might_and_magic_6_limited_edition,https://images.gog-statics.com/f3c42d4170d74fbf60ad2e9ee3c0d4bda4b3a59601ac2ac0875be54ce3cfd37c.jpg
Sniper Ghost Warrior 3 Gold Edition,24.99,2.49,90,PC,36.5,Digital,gog,https://www.gog.com/en/game/sniper_ghost_warrior_3_gold_edition,https://images.gog-statics.com/f2361e96f06ddc535582a66aafc2006ee9eacc147ff4971a2d57de33232efb34.jpg
Lords of the Fallen Game of the Year Edition 2014,29.99,1.49,91,PC,23.0,Digital,gog,https://www.gog.com/en/game/lords_of_the_fallen_game_of_the_year_edition,https://images.gog-statics.com/2ea0c4180a881c4349c7b53377483760b18131f8672366e12701cd3c48edf5e6.jpg
Kingdom Come: Deliverance II Royal Edition,79.99,51.99,94,PC,31.2,Digital,gog,https://www.gog.com/en/game/kingdom_come_deliverance_ii_royal_edition,https://images.gog-statics.com/326029a858e0e9add303ed2844ec5c460656e62fe4d70cf664868d46477d4f4c.jpg
Heroes of Might and Magic¬Æ 4: Complete,9.99,4.99,98,PC,33.7,Digital,gog,https://www.gog.com/en/game/heroes_of_might_and_magic_4_complete,https://images.gog-statics.com/3549b565446a62a7aa085620de0de02d2d587df6bf9a0f3fe6b8445a4f63c525.jpg
The Witcher 3: Wild Hunt - Complete Edition,49.99,49.99,84,PC,59.9,Digital,gog,https://www.gog.com/en/game/the_witcher_3_wild_hunt_game_of_the_year_edition,https://images.gog-statics.com/71d71c40052877a42c096b8230c71856a560d42132208cfa8e719243b5c6626b.jpg
Fallout 4: Game of the Year Edition,39.99,15.99,87,PC,18.7,Digital,gog,https://www.gog.com/en/game/fallout_4_game_of_the_year_edition,https://images.gog-statics.com/8b074a51347f0377d0a60ac241e8c5535d829540fe9c2e7ddf9277e4cc6d53d1.jpg
Metro Franchise Bundle,59.47,9.51,83,PC,29.0,Digital,gog,https://www.gog.com/en/game/metro_franchise_bundle,https://images.gog-statics.com/f857dfaf6398976eeb4e768ee92b8d6c36504528dc2826c981ab43469f737c94.jpg
Homeworld¬Æ Remastered Collection,34.99,3.49,82,PC,38.8,Digital,gog,https://www.gog.com/en/game/homeworld_remastered_collection,https://images.gog-statics.com/dce7a50009085fcaf3d7e6f1f52623b70de6f5118a065952b26c1c8e4c604d58.jpg
Being a DIK - Season 2,19.99,16.99,84,PC,31.4,Digital,gog,https://www.gog.com/en/game/being_a_dik_season_2,https://images.gog-statics.com/cb81c71b828e4119e592a94ee744a83977738d09ab9f309aa4bef40d9040fac7.jpg
Fallout 2,9.99,4.99,98,PC,19.8,Digital,gog,https://www.gog.com/en/game/fallout_2,https://images.gog-statics.com/35d3d17c64d03d60395fe5e891a72e8d430e24190a8a187ac8aab31efe56b9ea.jpg
Saints Row 2,9.99,1.49,98,PC,39.9,Digital,gog,https://www.gog.com/en/game/saints_row_2,https://images.gog-statics.com/e5054aacbe4d66cc91783dfe5d2eb996e49d08523f8ed6f2cb07bd9cc747aed2.jpg
Blades of Time,9.99,1.99,84,PC,29.2,Digital,gog,https://www.gog.com/en/game/blades_of_time,https://images.gog-statics.com/eb73638d89d12325c6826fb89356537e6fb962f583d39dc8868028092b5e0940.jpg
Heroes of Might and Magic¬Æ 3: Complete,9.99,4.99,97,PC,40.8,Digital,gog,https://www.gog.com/en/game/heroes_of_might_and_magic_3_complete_edition,https://images.gog-statics.com/a18a7017bdca7bdd14fb003a46522e320051d3e9c1fb939559a4517d90f86170.jpg
SPORE‚Ñ¢ Collection,29.99,9.89,86,PC,37.2,Digital,gog,https://www.gog.com/en/game/spore_collection,https://images.gog-statics.com/a844cf7a2a287621f4b18af0e0ce6b3372848ae716214b953ec4325678c0981e.jpg
Fallout: New Vegas Ultimate Edition,19.99,9.99,89,PC,29.2,Digital,gog,https://www.gog.com/en/game/fallout_new_vegas_ultimate_edition,https://images.gog-statics.com/d18b14716866d6edda0361a30661f25a4e326698561e03d3b5ac1ce15d97e884.jpg
"Warhammer 40,000: Rogue Trader Voidfarer Edition",99.96,44.98,80,PC,21.2,Digital,gog,https://www.gog.com/en/game/warhammer_40000_rogue_trader_voidfarer_edition,https://images.gog-statics.com/b8565474de38b17454e3822f0c5b33a0bf94a2922d7db3c642c22ce9ba142f22.jpg
Rise of the Tomb Raider: 20 Year Celebration,29.99,4.49,80,PC,23.6,Digital,gog,https://www.gog.com/en/game/rise_of_the_tomb_raider_20_year_celebration,https://images.gog-statics.com/e85d21bec9cecb99ff0e2e63255b9d7b309344a14696a8380b5dd010cf93927d.jpg
Dungeon Keeper Gold‚Ñ¢,5.99,2.39,86,PC,30.9,Digital,gog,https://www.gog.com/en/game/dungeon_keeper,https://images.gog-statics.com/59d47094960f0ba6b8712a046a2022ba23c8047bc4c75fda94d6c8b2304e4794.jpg
SWAT 4: Gold Edition,9.99,9.99,85,PC,36.3,Digital,gog,https://www.gog.com/en/game/swat_4_gold_edition,https://images.gog-statics.com/8aedca783fb59e220e652474143af83b4eb537bb0f77da5a8de8c5d52285db90.jpg
Dragon Age‚Ñ¢: Origins - Ultimate Edition,19.99,7.99,90,PC,37.9,Digital,gog,https://www.gog.com/en/game/dragon_age_origins,https://images.gog-statics.com/78485317312e881a175c686eaab8a988202b208942623acba641f35384f8dc12.jpg
Medal of Honor‚Ñ¢: Pacific Assault,9.99,2.49,96,PC,21.8,Digital,gog,https://www.gog.com/en/game/medal_of_honor_pacific_assault,https://images.gog-statics.com/8e13aeef741dfe3f75f57fac388221c9b5b946ca37adcf48e523626e9ecfb43b.jpg
Gord - Ultimate Edition,49.99,4.99,97,PC,22.7,Digital,gog,https://www.gog.com/en/game/gord_ultimate_edition,https://images.gog-statics.com/ed4645365e89a41c4ab9abe62b32d17b69ab3bc2fbbadaf427831babd3d7e41a.jpg
World in Conflict: Complete Edition,9.99,2.49,84,PC,29.2,Digital,gog,https://www.gog.com/en/game/world_in_conflict_complete_edition,https://images.gog-statics.com/4829015ac0659f0ccd6ab212ed0fead101db794af571a093a33d73a11f870209.jpg
Songs of Conquest,29.99,8.99,99,PC,29.7,Digital,gog,https://www.gog.com/en/game/songs_of_conquest,https://images.gog-statics.com/10c897b2c5811a437a39e76f7719b4bf9cd4997e2e3e4816c9df2a6d468b8656.jpg
Tainted Grail: Conquest,19.99,3.99,82,PC,42.9,Digital,gog,https://www.gog.com/en/game/tainted_grail,https://images.gog-statics.com/43bcefb77593e8e0c6ad09af3d2f8a051e61740ff61f67623f01f260d54e1beb.jpg
Far Cry¬Æ 2: Fortune's Edition,9.99,2.99,80,PC,39.6,Digital,gog,https://www.gog.com/en/game/far_cry_2_fortunes_edition,https://images.gog-statics.com/c6c61caa45125a5dc7916436004f5146999e52bf078aceb16ed0a07b0ecef33a.jpg
Kingdom Come: Deliverance Royal Edition,39.99,7.99,94,PC,37.8,Digital,gog,https://www.gog.com/en/game/kingdom_come_deliverance_royal_edition,https://images.gog-statics.com/5e94ea37d9b60f625402695a729688e8c408de76ce4d856d842c50684491eab4.jpg
Fallout 3: Game of the Year Edition,19.99,6.59,89,PC,38.4,Digital,gog,https://www.gog.com/en/game/fallout_3_game_of_the_year_edition,https://images.gog-statics.com/ba4ee4cbc04910b91f58115d2dbb5a0fecb6819b7d8abe6176e6300e9200ca48.jpg
XIII,12.99,1.94,98,PC,27.5,Digital,gog,https://www.gog.com/en/game/xiii,https://images.gog-statics.com/c961f804cf039a4a1aecb56acbf51788f2cc0f7c5bc04fa1283ac37eceff89fc.jpg
Jade Empire: Special Edition,14.99,3.74,91,PC,39.0,Digital,gog,https://www.gog.com/en/game/jade_empire_special_edition,https://images.gog-statics.com/010661d2c6213d65106f9f71c19baa2738e15b17dedee19b27a028e87e82f6e7.jpg
Wolfenstein 3D,4.99,1.49,94,PC,32.9,Digital,gog,https://www.gog.com/en/game/wolfenstein_3d,https://images.gog-statics.com/abd7f3307cd163042dbc1533d50d833d05ac084a2cf0a5b57ad06c78b29dbcce.jpg
RollerCoaster Tycoon¬Æ 2: Triple Thrill Pack,9.99,4.99,89,PC,28.9,Digital,gog,https://www.gog.com/en/game/rollercoaster_tycoon_2,https://images.gog-statics.com/1aac3c8ff171990ae9c178af719b3155ce43554e180364a772512f059320c0ec.jpg
Cyberpunk 2077: Phantom Liberty,29.99,29.99,81,PC,35.9,Digital,gog,https://www.gog.com/en/game/cyberpunk_2077_phantom_liberty,https://images.gog-statics.com/45a284386e693f1576b96d98a0023a7905d3956c6f9aa913d3fe5d09a5994bee.jpg
Serious Sam: The First Encounter,5.99,1.19,98,PC,23.9,Digital,gog,https://www.gog.com/en/game/serious_sam_the_first_encounter,https://images.gog-statics.com/cfc2af27c688c5c4f0d797f649a22d20a6f5ccfb370e409f41dcc1f25fac6145.jpg
Dying Light: Definitive Edition,49.99,9.99,88,PC,29.5,Digital,gog,https://www.gog.com/en/game/dying_light_definitive_edition,https://images.gog-statics.com/5d2f1b74029996f67e85f6c8c980a03dc05271c33a1e08e8b8f5dc11c3cf5f47.jpg
Crysis Warhead¬Æ,19.99,4.99,98,PC,28.6,Digital,gog,https://www.gog.com/en/game/crysiswarhead,https://images.gog-statics.com/24ce5c5bb796e6d4916aa509f8186a409d28c18ebc729a324e1ca0eab151553c.jpg
The Witcher: Enhanced Edition,9.99,9.99,80,PC,70.6,Digital,gog,https://www.gog.com/en/game/the_witcher,https://images.gog-statics.com/37d4a208d1f5bb0e163da540ac894ba46a7d566ede31aaaefc74bbcd46ebd190.jpg
Kingdom Come: Deliverance II,59.99,41.99,82,PC,33.8,Digital,gog,https://www.gog.com/en/game/kingdom_come_deliverance_ii,https://images.gog-statics.com/64ed4c0e5c169081784370452612c5ed2fbd716063a9e88205254819f72198af.jpg
Star Trek‚Ñ¢: Armada,9.99,9.99,94,PC,36.3,Digital,gog,https://www.gog.com/en/game/star_trek_armada,https://images.gog-statics.com/6397b322893bf66c9b6bc5b0211caa108425d950920de218516df3c2f137ab99.jpg
DOOM 64,4.99,1.99,97,PC,27.8,Digital,gog,https://www.gog.com/en/game/doom_64,https://images.gog-statics.com/b2e98f5d13ad7c3fac89cb9ab2b3ec361c47ca259414eb5a82de754ef11a5800.jpg
ARMA: Gold Edition,9.99,1.99,95,PC,24.2,Digital,gog,https://www.gog.com/en/game/arma_gold_edition,https://images.gog-statics.com/919058235d715dcf2c931990f6e0c2970366936ad6538a4560161c67f4270d70.jpg
Empire Earth 2 Gold Edition,9.99,9.99,95,PC,38.9,Digital,gog,https://www.gog.com/en/game/empire_earth_2_gold,https://images.gog-statics.com/3a21d52fd60b3122d144714f32b58e905bac9d3d497f0e1bca46b89cc1bf2a49.jpg
DOOM + DOOM II,9.99,3.99,92,PC,27.7,Digital,gog,https://www.gog.com/en/game/doom_doom_ii,https://images.gog-statics.com/1d1474d31f50b8412796a88a0f0c8f0bc822811e42fa82e0fc0c79adfcb8d15a.jpg
SimCity‚Ñ¢ 3000 Unlimited,9.99,4.99,93,PC,34.4,Digital,gog,https://www.gog.com/en/game/simcity_3000,https://images.gog-statics.com/d0f66a396223fd25a9f8799d216c93c5b00d9c0b83618cbe2011069a641d461b.jpg
Atom RPG: Trudograd - Supporter Pack,5.99,1.19,81,PC,52.1,Digital,gog,https://www.gog.com/en/game/atom_rpg_trudograd_supporter_pack,https://images.gog-statics.com/82d148b2a4600d249c80192e65ff8ff0a957caf4adb00254c198c53b30d27164.jpg
Frostpunk: Game of the Year Edition,48.99,5.38,81,PC,31.6,Digital,gog,https://www.gog.com/en/game/frostpunk_game_of_the_year_edition,https://images.gog-statics.com/d11e79f5f4a12295974e03c039de49d6f9f82a8e9980627f5d8a339b910f4f6c.jpg
Warhammer: Mark of Chaos - Gold Edition,9.99,2.49,95,PC,42.7,Digital,gog,https://www.gog.com/en/game/warhammer_mark_of_chaos_gold_edition,https://images.gog-statics.com/0059c74092f695a4b675a2ea11a939d0926e06924a0acdde0a8f4f056b8bf568.jpg
Disciples 2 Gold,9.99,1.99,81,PC,40.2,Digital,gog,https://www.gog.com/en/game/disciples_2_gold,https://images.gog-statics.com/d9b8ae836aac0727577107f49d9350fb23f059c4745f5df345062c941be738e1.jpg
Nobody Wants to Die,24.99,6.24,99,PC,34.8,Digital,gog,https://www.gog.com/en/game/nobody_wants_to_die,https://images.gog-statics.com/ebe168a9d74751cb16db933e2af557efb107f8301a493b41700a29e039b3a74c.jpg
Might and Magic¬Æ 8: Day of the Destroyer‚Ñ¢,5.99,2.99,82,PC,43.8,Digital,gog,https://www.gog.com/en/game/might_and_magic_8_day_of_the_destroyer,https://images.gog-statics.com/12e210a61798a8065cd39424f69b27b97d0d9e62287d28ce0441b985795fe584.jpg
Witchaven I & II Bundle,9.99,2.49,90,PC,42.7,Digital,gog,https://www.gog.com/en/game/witchaven_witchaven_ii_blood_vengeance,https://images.gog-statics.com/5f2b9da917aa23e126385484b0deca6c7dc4099bbd7f618b326bf2d0cf2b9cf5.jpg
ATOM RPG - Supporter Pack,4.99,1.49,86,PC,60.3,Digital,gog,https://www.gog.com/en/game/atom_rpg_supporter_pack,https://images.gog-statics.com/578d751c711bf280ec7ea8f1a68b08e6a9a2678f4a1d0268f55481a3cba20e9f.jpg
Vampire¬Æ: The Masquerade - Bloodlines‚Ñ¢,19.99,19.99,82,PC,27.1,Digital,gog,https://www.gog.com/en/game/vampire_the_masquerade_bloodlines,https://images.gog-statics.com/8bbb356c33d8a97cd6ec70793c81aa29d55680f38e93688d61d69fe3fa831719.jpg
Drive Beyond Horizons,39.29,39.29,81,PC,38.3,Digital,gmg,https://store.steampowered.com/app/2625420/Drive_Beyond_Horizons/,https://shared.fastly.steamstatic.com/store_item_assets/steam/apps/2625420/capsule_616x353.jpg?t=1760433117
Hobo: Tough Life,28.99,8.69,93,PC,21.8,Digital,gmg,https://store.steampowered.com/app/632300/Hobo_Tough_Life/,https://shared.fastly.steamstatic.com/store_item_assets/steam/apps/632300/capsule_616x353.jpg?t=1683874995
Little Nightmares III,39.99,39.99,80,PC,19.0,Digital,gmg,https://store.steampowered.com/app/1392860/Little_Nightmares_III/,https://shared.fastly.steamstatic.com/store_item_assets/steam/apps/1392860/fdc6c7f7f4edef951043c52db24592334b10c76a/capsule_616x353.jpg?t=1763129435
Halo: The Master Chief Collection,39.99,39.99,93,PC,24.0,Digital,gmg,https://store.steampowered.com/app/976730/Halo_The_Master_Chief_Collection/,https://shared.fastly.steamstatic.com/store_item_assets/steam/apps/976730/capsule_616x353.jpg?t=1740682623
Risk of Rain 2,44.98,44.98,93,PC,26.5,Digital,gmg,https://store.steampowered.com/app/632360/Risk_of_Rain_2/,https://shared.fastly.steamstatic.com/store_item_assets/steam/apps/632360/capsule_616x353.jpg?t=1751308044
Wall World 2,11.79,10.61,93,PC,28.7,Digital,gmg,https://store.steampowered.com/app/3467710/Wall_World_2/,https://shared.fastly.steamstatic.com/store_item_assets/steam/apps/3467710/c6623d1b17af15ad6c799cc383aad10364181b6b/capsule_616x353.jpg?t=1763113055
God of War Ragnar√∂k,69.99,69.99,80,PC,38.4,Digital,gmg,https://store.steampowered.com/app/2322010/God_of_War_Ragnark/,https://shared.fastly.steamstatic.com/store_item_assets/steam/apps/2322010/capsule_616x353.jpg?t=1750909504
Marvel's Spider-Man 2,69.99,69.99,86,PC,21.3,Digital,gmg,https://store.steampowered.com/app/2651280/Marvels_SpiderMan_2/,https://shared.fastly.steamstatic.com/store_item_assets/steam/apps/2651280/cb8da9b3e99cf7362cd88c10a0544b7fe892ccad/capsule_616x353.jpg?t=1750954033
Mini Motorways,8.19,6.14,81,PC,7.1,Digital,gmg,https://store.steampowered.com/app/1127500/Mini_Motorways/,https://shared.fastly.steamstatic.com/store_item_assets/steam/apps/1127500/1d140333c387266592f65923796eade974f57ac6/capsule_616x353_alt_assets_0_spanish.jpg?t=1756265519
ARK: Lost Colony Expansion Pass,29.99,29.99,96,PC,33.1,Digital,gmg,https://store.steampowered.com/app/3720100/ARK_Lost_Colony_Expansion_Pass/,https://shared.fastly.steamstatic.com/store_item_assets/steam/apps/3720100/183a7444a01090fc8d7006d1665cc87531147805/capsule_616x353.jpg?t=1762470439
Voidtrain,29.99,19.49,96,PC,22.4,Digital,gmg,https://store.steampowered.com/app/1159690/Voidtrain/,https://shared.fastly.steamstatic.com/store_item_assets/steam/apps/1159690/c654fdb9cf375a7dc451eb017caec879a9520fc6/capsule_616x353.jpg?t=1762539790
ARK: Bob's Tall Tales,29.99,14.99,87,PC,35.8,Digital,gmg,https://store.steampowered.com/app/2881150/ARK_Bobs_Tall_Tales/,https://shared.fastly.steamstatic.com/store_item_assets/steam/apps/2881150/07347be8c5e6c5a5a22336aa151a8bb982b55bb0/capsule_616x353.jpg?t=1741983069
Salt 2: Shores of Gold,16.79,13.43,80,PC,27.9,Digital,gmg,https://store.steampowered.com/app/1574900/Salt_2_Shores_of_Gold/,https://shared.fastly.steamstatic.com/store_item_assets/steam/apps/1574900/c44525d7247e8777bf7eaee522c281d52e1b06f9/capsule_616x353.jpg?t=1763348086
"No, I'm not a Human",22.3,22.3,96,PC,22.0,Digital,gmg,https://store.steampowered.com/app/3180070/No_Im_not_a_Human/,https://shared.fastly.steamstatic.com/store_item_assets/steam/apps/3180070/d9a48e5676f73cb100e3dfcf7b2b5e68876b3750/capsule_616x353.jpg?t=1761654689
TUNIC,28.99,14.49,90,PC,35.9,Digital,gmg,https://store.steampowered.com/app/553420/TUNIC/,https://shared.fastly.steamstatic.com/store_item_assets/steam/apps/553420/capsule_616x353.jpg?t=1755875877
ASKA,24.99,14.99,96,PC,30.4,Digital,gmg,https://store.steampowered.com/app/1898300/ASKA/,https://shared.fastly.steamstatic.com/store_item_assets/steam/apps/1898300/9ae2f2e4f0693d9a266e786e9780f145e55774db/capsule_616x353_alt_assets_0.jpg?t=1762506128
Age of Empires II: Definitive Edition,144.68,66.38,96,PC,30.8,Digital,gmg,https://store.steampowered.com/app/813780/Age_of_Empires_II_Definitive_Edition/,https://shared.fastly.steamstatic.com/store_item_assets/steam/apps/813780/capsule_616x353.jpg?t=1760473253
"Warhammer 40,000: Darktide",82.42,82.42,88,PC,32.8,Digital,gmg,https://store.steampowered.com/app/1361210/Warhammer_40000_Darktide/,https://shared.fastly.steamstatic.com/store_item_assets/steam/apps/1361210/ac481f08f5d1c99daf8b44ea246968e59569dc2d/capsule_616x353_alt_assets_18.jpg?t=1761316423
Jump Space,44.54,44.54,80,PC,21.9,Digital,gmg,https://store.steampowered.com/app/1757300/Jump_Space/,https://shared.fastly.steamstatic.com/store_item_assets/steam/apps/1757300/a008e9002a04ce87c85f0e042054b50361a81e91/capsule_616x353.jpg?t=1761652302
ELDEN RING NIGHTREIGN The Forsaken Hollows,15.0,15.0,87,PC,28.2,Digital,gmg,https://store.steampowered.com/app/3515610/_ELDEN_RING_NIGHTREIGN_The_Forsaken_Hollows/,https://shared.fastly.steamstatic.com/store_item_assets/steam/apps/3515610/26cd447387f9d1badf159ac1b700385d70e9c6d0/capsule_616x353.jpg?t=1763138978
ARK: Survival Evolved,23.66,23.66,91,PC,37.2,Digital,gmg,https://store.steampowered.com/app/346110/ARK_Survival_Evolved/,https://shared.fastly.steamstatic.com/store_item_assets/steam/apps/346110/capsule_616x353.jpg?t=1763080281
Monster Hunter Wilds,69.99,69.99,90,PC,42.2,Digital,gmg,https://store.steampowered.com/app/2246340/Monster_Hunter_Wilds/,https://shared.fastly.steamstatic.com/store_item_assets/steam/apps/2246340/a1df989a3b439e15171dc7144c1ce13c32abcae6/capsule_616x353.jpg?t=1761091530
Total War: WARHAMMER III,22.92,22.92,80,PC,97.8,Digital,gmg,https://store.steampowered.com/app/1142710/Total_War_WARHAMMER_III/,https://shared.fastly.steamstatic.com/store_item_assets/steam/apps/1142710/capsule_616x353.jpg?t=1762536758
Sea of Thieves: 2025 Edition,39.99,39.99,82,PC,32.7,Digital,gmg,https://store.steampowered.com/app/1172620/Sea_of_Thieves_2025_Edition/,https://shared.fastly.steamstatic.com/store_item_assets/steam/apps/1172620/0977cad11cf7e06d5ee5603269fb379fdbd79d9d/capsule_616x353.jpg?t=1755260861
Terraria,9.75,9.75,87,PC,42.2,Digital,gmg,https://store.steampowered.com/app/105600/Terraria/,https://shared.fastly.steamstatic.com/store_item_assets/steam/apps/105600/capsule_616x353.jpg?t=1731252354
Mall Simulator,13.79,11.03,92,PC,31.9,Digital,gmg,https://store.steampowered.com/app/3180150/Mall_Simulator/,https://shared.fastly.steamstatic.com/store_item_assets/steam/apps/3180150/edadfa8f31752a6d71bdc927b75af398a98e7152/capsule_616x353.jpg?t=1763129622
DRAGON QUEST I & II HD-2D Remake,59.99,59.99,84,PC,23.6,Digital,gmg,https://store.steampowered.com/app/2893570/DRAGON_QUEST_I__II_HD2D_Remake/,https://shared.fastly.steamstatic.com/store_item_assets/steam/apps/2893570/7318f0b8665fbbda03ef0c9dbee6c490e0af41d9/capsule_616x353.jpg?t=1761839944
Hello Kitty Island Adventure,39.99,29.99,94,PC,24.6,Digital,gmg,https://store.steampowered.com/app/2495100/Hello_Kitty_Island_Adventure/,https://shared.fastly.steamstatic.com/store_item_assets/steam/apps/2495100/185a1702ef1497a1f51d1c88dfffafb640aafeea/capsule_616x353.jpg?t=1758643923
Whiskerwood,29.99,23.99,80,PC,35.6,Digital,gmg,https://store.steampowered.com/app/2489330/Whiskerwood/,https://shared.fastly.steamstatic.com/store_item_assets/steam/apps/2489330/a8a1ca88b55d2d80927b788c50956e8f6deffd0f/capsule_616x353.jpg?t=1763117177
Disney Dreamlight Valley,39.99,39.99,82,PC,35.5,Digital,gmg,https://store.steampowered.com/app/1401590/Disney_Dreamlight_Valley/,https://shared.fastly.steamstatic.com/store_item_assets/steam/apps/1401590/cc40f3ca71ca1d87088539e685ee0d3df24efa66/capsule_616x353_alt_assets_3.jpg?t=1762963951
Assetto Corsa Competizione,39.99,9.99,93,PC,31.7,Digital,gmg,https://store.steampowered.com/app/805550/Assetto_Corsa_Competizione/,https://shared.fastly.steamstatic.com/store_item_assets/steam/apps/805550/capsule_616x353.jpg?t=1740392896
NINJA GAIDEN 4,69.99,69.99,93,PC,45.0,Digital,gmg,https://store.steampowered.com/app/2627260/NINJA_GAIDEN_4/,https://shared.fastly.steamstatic.com/store_item_assets/steam/apps/2627260/d58b8d10bc8a0c45c46d06985aedc46e1edf4e47/capsule_616x353.jpg?t=1762366827
DCS World Steam Edition,73.93,36.96,88,PC,45.0,Digital,gmg,https://store.steampowered.com/app/223750/DCS_World_Steam_Edition/,https://shared.fastly.steamstatic.com/store_item_assets/steam/apps/223750/capsule_616x353.jpg?t=1760526172
Escape the Backrooms,25.36,25.36,98,PC,18.3,Digital,gmg,https://store.steampowered.com/app/1943950/Escape_the_Backrooms/,https://shared.fastly.steamstatic.com/store_item_assets/steam/apps/1943950/2e17d410c5a8fd106bb0911187e557ba1e6de264/capsule_616x353_alt_assets_0.jpg?t=1763037176
Bum Simulator,19.99,4.99,80,PC,21.7,Digital,gmg,https://store.steampowered.com/app/855740/Bum_Simulator/,https://shared.fastly.steamstatic.com/store_item_assets/steam/apps/855740/6e83f98800e2150f66ae807205d5c7d953c3123e/capsule_616x353.jpg?t=1759310298
Street Fighter‚Ñ¢ 6,39.99,39.99,97,PC,22.8,Digital,gmg,https://store.steampowered.com/app/1364780/Street_Fighter_6/,https://shared.fastly.steamstatic.com/store_item_assets/steam/apps/1364780/141d3a621c364efbb970df8d233e531e07dca4ea/capsule_616x353_alt_assets_17.jpg?t=1761116384
My Little Puppy,24.5,19.6,93,PC,31.8,Digital,gmg,https://store.steampowered.com/app/2102040/My_Little_Puppy/,https://shared.fastly.steamstatic.com/store_item_assets/steam/apps/2102040/19cc65cdebd0bbff1ae62d3908d0d2a5a04e243a/capsule_616x353.jpg?t=1762484556
WARNO,39.99,15.99,84,PC,24.0,Digital,gmg,https://store.steampowered.com/app/1611600/WARNO/,https://shared.fastly.steamstatic.com/store_item_assets/steam/apps/1611600/capsule_616x353.jpg?t=1763021605
No Man's Sky,53.35,53.35,80,PC,33.1,Digital,gmg,https://store.steampowered.com/app/275850/No_Mans_Sky/,https://shared.fastly.steamstatic.com/store_item_assets/steam/apps/275850/d3d1550cec60e9d6b3d1ec00dbb6190e314683b2/capsule_616x353.jpg?t=1762511833
Absolum,35.8,34.47,85,PC,32.2,Digital,gmg,https://store.steampowered.com/app/1904480/Absolum/,https://shared.fastly.steamstatic.com/store_item_assets/steam/apps/1904480/33ade00552879948450968586802d222b31e7af5/capsule_616x353.jpg?t=1762958571
Valheim,23.92,23.92,90,PC,21.0,Digital,gmg,https://store.steampowered.com/app/892970/Valheim/,https://shared.fastly.steamstatic.com/store_item_assets/steam/apps/892970/36a52fe644b589a70b05e476a4b319a6d9e02cfe/capsule_616x353.jpg?t=1762784724
Farthest Frontier,50.13,50.13,89,PC,31.1,Digital,gmg,https://store.steampowered.com/app/1044720/Farthest_Frontier/,https://shared.fastly.steamstatic.com/store_item_assets/steam/apps/1044720/1ffb2b6657e6b5079d86616f0a880c7f5fd4789a/capsule_616x353.jpg?t=1762529224
Tainted Grail: The Fall of Avalon,66.58,66.58,96,PC,25.6,Digital,gmg,https://store.steampowered.com/app/1466060/Tainted_Grail_The_Fall_of_Avalon/,https://shared.fastly.steamstatic.com/store_item_assets/steam/apps/1466060/49ed3d368d10bc6e8be6c393a3f8c72accc5218b/capsule_616x353.jpg?t=1763126852
MISERY - Zaslavie Supporter Pack,9.74,9.74,87,PC,30.0,Digital,gmg,https://store.steampowered.com/app/4119690/MISERY__Zaslavie_Supporter_Pack/,https://shared.fastly.steamstatic.com/store_item_assets/steam/apps/4119690/dec36c476d02161cfed0bb0369b2852140b60cd9/capsule_616x353.jpg?t=1763073774
Waterpark Simulator,11.99,11.99,94,PC,30.6,Digital,gmg,https://store.steampowered.com/app/3293260/Waterpark_Simulator/,https://shared.fastly.steamstatic.com/store_item_assets/steam/apps/3293260/1b366e659362164f72843f844324b65ab153c52a/capsule_616x353.jpg?t=1762556892
The Outlast Trials,78.21,78.21,86,PC,21.7,Digital,gmg,https://store.steampowered.com/app/1304930/The_Outlast_Trials/,https://shared.fastly.steamstatic.com/store_item_assets/steam/apps/1304930/e9566dfe41b5ad41601cf4ef3619cc4ba1fa934d/capsule_616x353.jpg?t=1761062162
JDM: Japanese Drift Master,33.99,22.09,86,PC,21.7,Digital,gmg,https://store.steampowered.com/app/1153410/JDM_Japanese_Drift_Master/,https://shared.fastly.steamstatic.com/store_item_assets/steam/apps/1153410/855bf54f8912ee9d5b43bc2f703091cc9c9c1ab2/capsule_616x353_alt_assets_3.jpg?t=1762778863
V Rising,49.48,49.48,88,PC,20.9,Digital,gmg,https://store.steampowered.com/app/1604030/V_Rising/,https://shared.fastly.steamstatic.com/store_item_assets/steam/apps/1604030/a141ab624e5c7948ae9faf5def7a47c4c2d77056/capsule_616x353.jpg?t=1756736833
Assassin‚Äôs Creed Shadows,499.34,499.34,92,PC,44.6,Digital,gmg,https://store.steampowered.com/app/3159330/Assassins_Creed_Shadows/,https://shared.fastly.steamstatic.com/store_item_assets/steam/apps/3159330/2d5536f7e9f72d7844c59c5dc1416f7b756d3ad4/capsule_616x353.jpg?t=1762330669
"I Have No Mouth, and I Must Scream",9.75,2.92,89,PC,22.3,Digital,gmg,https://store.steampowered.com/app/245390/I_Have_No_Mouth_and_I_Must_Scream/,https://shared.fastly.steamstatic.com/store_item_assets/steam/apps/245390/capsule_616x353.jpg?t=1762802592
